"gene"	"adj.pval.treatment"
"PGEN_.00g165230"	1.30470836692325e-288
"PGEN_.00g043790"	3.63775311896135e-210
"PGEN_.00g345410"	1.7184893167571e-162
"PGEN_.00g049950"	3.25385644868225e-123
"PGEN_.00g116710"	4.22353936292422e-121
"PGEN_.00g275080"	3.72904702353344e-116
"PGEN_.00g282120"	3.89274664177227e-106
"PGEN_.00g198010"	3.24220515978942e-95
"PGEN_.00g130700"	9.98355481237555e-87
"PGEN_.00g277910"	3.5581042648159e-85
"PGEN_.00g127230"	5.78553841523463e-85
"PGEN_.00g075700"	7.39107765647679e-69
"PGEN_.00g118900"	1.96589279252282e-54
"PGEN_.00g034240"	3.11395569396123e-51
"PGEN_.00g026390"	3.05855220731865e-50
"PGEN_.00g167890"	6.53383761340908e-49
"PGEN_.00g343550"	2.38088108983402e-47
"PGEN_.00g073580"	1.62998260634609e-45
"PGEN_.00g295480"	3.77032418861279e-45
"PGEN_.00g140310"	5.27289401880149e-42
"PGEN_.00g104730"	1.47216114102325e-40
"PGEN_.00g149270"	9.10112961492921e-40
"PGEN_.00g322650"	6.21786844472049e-39
"PGEN_.00g065810"	3.51621624134418e-37
"PGEN_.00g129780"	3.34238122362722e-34
"PGEN_.00g133900"	2.09532088156231e-33
"PGEN_.00g186290"	3.84720192407329e-32
"PGEN_.00g261240"	3.95746760726207e-32
"PGEN_.00g279140"	4.33663941559202e-32
"PGEN_.00g036880"	6.97215194851785e-32
"PGEN_.00g068720"	1.18893088534073e-31
"PGEN_.00g139560"	1.1627905128885e-27
"PGEN_.00g231770"	2.38491594613431e-27
"PGEN_.00g291920"	1.27295131179581e-26
"PGEN_.00g233360"	1.32304852598568e-26
"PGEN_.00g139570"	1.5145588799003e-26
"PGEN_.00g316200"	2.3795924073974e-25
"PGEN_.00g120380"	3.3548057103021e-25
"PGEN_.00g081970"	1.21277860420896e-23
"PGEN_.00g208580"	2.07059469491715e-23
"PGEN_.00g198290"	5.31244261877464e-23
"PGEN_.00g034230"	2.07709123023337e-22
"PGEN_.00g271690"	7.14897143172783e-22
"PGEN_.00g291910"	2.01041719168378e-21
"PGEN_.00g317860"	1.88196965333915e-19
"PGEN_.00g017320"	2.06356748171059e-19
"PGEN_.00g168070"	2.28194965464875e-19
"PGEN_.00g083720"	7.39993654413765e-18
"PGEN_.00g295080"	8.78138529728774e-18
"PGEN_.00g071370"	8.79457911765967e-18
"PGEN_.00g213350"	1.52179251136889e-17
"PGEN_.00g166530"	2.28249179655276e-17
"PGEN_.00g279870"	5.75359695593736e-17
"PGEN_.00g001170"	7.46116355541912e-17
"PGEN_.00g035080"	3.12116151225601e-16
"PGEN_.00g299000"	3.12116151225601e-16
"PGEN_.00g278820"	1.18310598215687e-15
"PGEN_.00g103590"	8.26268856753429e-15
"PGEN_.00g294360"	9.64038509618319e-15
"PGEN_.00g149640"	1.05956871354358e-14
"PGEN_.00g075170"	2.54222614266371e-14
"PGEN_.00g302860"	2.72381341115097e-14
"PGEN_.00g067240"	3.2223023033734e-14
"PGEN_.00g139540"	6.17029375480073e-14
"PGEN_.00g328520"	6.17029375480073e-14
"PGEN_.00g328960"	9.83406935462925e-14
"PGEN_.00g106980"	1.12857544959113e-13
"PGEN_.00g197680"	1.12857544959113e-13
"PGEN_.00g069870"	2.76537071508365e-13
"PGEN_.00g271680"	3.26599593919398e-13
"PGEN_.00g123920"	4.36414145290199e-13
"PGEN_.00g083000"	4.59615658912402e-13
"PGEN_.00g342450"	4.59615658912402e-13
"PGEN_.00g235940"	5.8155348949753e-13
"PGEN_.00g010200"	5.9422485328224e-13
"PGEN_.00g003330"	8.32124555909596e-13
"PGEN_.00g127570"	2.35457211895651e-12
"PGEN_.00g286080"	2.55650036636155e-12
"PGEN_.00g257440"	3.06673546663515e-12
"PGEN_.00g143270"	3.66100929124529e-12
"PGEN_.00g069450"	3.6662477397628e-12
"PGEN_.00g116210"	3.6662477397628e-12
"PGEN_.00g316170"	7.80242471740883e-12
"PGEN_.00g326080"	7.80242471740883e-12
"PGEN_.00g175550"	7.95315560515245e-12
"PGEN_.00g131450"	1.28833232928103e-11
"PGEN_.00g095890"	2.13972397797621e-11
"PGEN_.00g183880"	2.13972397797621e-11
"PGEN_.00g279710"	3.05954934117183e-11
"PGEN_.00g080730"	3.47098601457831e-11
"PGEN_.00g263900"	3.76438202800254e-11
"PGEN_.00g224670"	3.9304267328561e-11
"PGEN_.00g063860"	4.06658513605540e-11
"PGEN_.00g164020"	4.62115702849041e-11
"PGEN_.00g193590"	7.19004098292232e-11
"PGEN_.00g108510"	8.75725669613607e-11
"PGEN_.00g171780"	9.97113976427597e-11
"PGEN_.00g243120"	1.07933098275466e-10
"PGEN_.00g109080"	1.12839817184785e-10
"PGEN_.00g077070"	1.2011252793742e-10
"PGEN_.00g090920"	1.60607422750918e-10
"PGEN_.00g150000"	2.19897441995084e-10
"PGEN_.00g050170"	2.26966987365854e-10
"PGEN_.00g186170"	2.88555525854004e-10
"PGEN_.00g334400"	3.5490586962976e-10
"PGEN_.00g122230"	3.69600512202783e-10
"PGEN_.00g097550"	3.79287266928977e-10
"PGEN_.00g204470"	4.26510178276057e-10
"PGEN_.00g169460"	5.07669925849941e-10
"PGEN_.00g285330"	5.26214336555898e-10
"PGEN_.00g076180"	5.98512183227016e-10
"PGEN_.00g220380"	6.42259222899004e-10
"PGEN_.00g240940"	7.20664621761544e-10
"PGEN_.00g050180"	1.02899658962513e-09
"PGEN_.00g201390"	1.22589951814088e-09
"PGEN_.00g092070"	1.24407425189064e-09
"PGEN_.00g079760"	1.46053042442462e-09
"PGEN_.00g333690"	1.75310853031608e-09
"PGEN_.00g108700"	1.91943902735236e-09
"PGEN_.00g337850"	2.01660825365111e-09
"PGEN_.00g216290"	2.66241519009438e-09
"PGEN_.00g010510"	2.83944271659738e-09
"PGEN_.00g290940"	3.46291969468162e-09
"PGEN_.00g208420"	4.39124576399093e-09
"PGEN_.00g134400"	7.04544646765944e-09
"PGEN_.00g308970"	8.06522706251792e-09
"PGEN_.00g229890"	8.18036069460399e-09
"PGEN_.00g247700"	1.11812865797677e-08
"PGEN_.00g309800"	1.2523505381917e-08
"PGEN_.00g065700"	1.76680633494292e-08
"PGEN_.00g170010"	2.00165589730783e-08
"PGEN_.00g277430"	2.00165589730783e-08
"PGEN_.00g131080"	2.1278593201879e-08
"PGEN_.00g151730"	2.32142954786226e-08
"PGEN_.00g052230"	2.7363594145184e-08
"PGEN_.00g134600"	2.80764790035295e-08
"PGEN_.00g073310"	2.90575433935238e-08
"PGEN_.00g065330"	3.49043169063813e-08
"PGEN_.00g087040"	4.1632128690085e-08
"PGEN_.00g273120"	4.1632128690085e-08
"PGEN_.00g055620"	5.4380359755602e-08
"PGEN_.00g106060"	5.59163833829015e-08
"PGEN_.00g086840"	6.50474063694016e-08
"PGEN_.00g013900"	7.01528658880582e-08
"PGEN_.00g308600"	7.33652401710962e-08
"PGEN_.00g312690"	9.32882632808692e-08
"PGEN_.00g145190"	9.4408700390056e-08
"PGEN_.00g086400"	1.01447779613976e-07
"PGEN_.00g192640"	1.06402058428914e-07
"PGEN_.00g080870"	1.07001251708592e-07
"PGEN_.00g227690"	1.15166407961207e-07
"PGEN_.00g309060"	1.1871320728202e-07
"PGEN_.00g025100"	1.18960913659052e-07
"PGEN_.00g028040"	1.18960913659052e-07
"PGEN_.00g040000"	1.3280297932969e-07
"PGEN_.00g228070"	1.42085663191848e-07
"PGEN_.00g049230"	1.56517409318115e-07
"PGEN_.00g210020"	1.62059986406799e-07
"PGEN_.00g277700"	1.88967323017605e-07
"PGEN_.00g069550"	1.90777279840878e-07
"PGEN_.00g330150"	2.76271667193264e-07
"PGEN_.00g233560"	3.29411102905541e-07
"PGEN_.00g315900"	3.31995557268282e-07
"PGEN_.00g016720"	3.40979756774123e-07
"PGEN_.00g090230"	3.43577783722719e-07
"PGEN_.00g215230"	5.58847133012162e-07
"PGEN_.00g037140"	6.89080319208239e-07
"PGEN_.00g166960"	7.06473342826864e-07
"PGEN_.00g108490"	8.7564771216622e-07
"PGEN_.00g043300"	8.85479637913018e-07
"PGEN_.00g242670"	9.92065843617829e-07
"PGEN_.00g015010"	1.04279156491407e-06
"PGEN_.00g068680"	1.04456015826096e-06
"PGEN_.00g095430"	1.07092968648873e-06
"PGEN_.00g326070"	1.186028606726e-06
"PGEN_.00g228480"	1.3724909299495e-06
"PGEN_.00g086030"	1.38270093436239e-06
"PGEN_.00g245230"	1.46999454306734e-06
"PGEN_.00g153580"	1.5814891978872e-06
"PGEN_.00g067250"	1.85379199796847e-06
"PGEN_.00g014370"	2.05619911356504e-06
"PGEN_.00g044020"	2.27386840731872e-06
"PGEN_.00g193010"	2.38043072504362e-06
"PGEN_.00g211010"	2.45701491665724e-06
"PGEN_.00g241680"	2.67980106991674e-06
"PGEN_.00g187810"	2.69300361718067e-06
"PGEN_.00g034820"	2.74103410287668e-06
"PGEN_.00g160750"	2.74909468579827e-06
"PGEN_.00g303130"	2.76006114827136e-06
"PGEN_.00g074470"	2.98496358572487e-06
"PGEN_.00g054970"	3.61559395083771e-06
"PGEN_.00g254650"	3.68183374628434e-06
"PGEN_.00g236020"	4.40699015439464e-06
"PGEN_.00g291710"	4.40699015439464e-06
"PGEN_.00g066600"	4.88819515243053e-06
"PGEN_.00g069610"	4.94417187521176e-06
"PGEN_.00g316040"	5.73507388964471e-06
"PGEN_.00g192660"	6.05223799163604e-06
"PGEN_.00g265900"	6.32673126113961e-06
"PGEN_.00g177600"	6.33541374028405e-06
"PGEN_.00g304920"	6.72436113666199e-06
"PGEN_.00g068710"	7.6917105813384e-06
"PGEN_.00g211830"	8.33429332391007e-06
"PGEN_.00g299150"	8.33429332391007e-06
"PGEN_.00g240010"	8.59084823507966e-06
"PGEN_.00g198300"	8.86409775813187e-06
"PGEN_.00g012020"	9.48153498516734e-06
"PGEN_.00g110040"	1.25560728038104e-05
"PGEN_.00g221600"	1.26003468780014e-05
"PGEN_.00g100210"	1.27534844780271e-05
"PGEN_.00g291470"	1.28027035422148e-05
"PGEN_.00g060650"	1.38178534897576e-05
"PGEN_.00g017280"	1.44638576399178e-05
"PGEN_.00g284080"	1.54544194923994e-05
"PGEN_.00g056380"	1.56554878815809e-05
"PGEN_.00g337830"	1.59499104521907e-05
"PGEN_.00g018310"	1.65730444065069e-05
"PGEN_.00g128250"	1.75606924678107e-05
"PGEN_.00g018260"	1.82209775036136e-05
"PGEN_.00g277360"	2.18262925350665e-05
"PGEN_.00g113810"	2.37027667780287e-05
"PGEN_.00g284780"	2.37027667780287e-05
"PGEN_.00g290440"	2.38813059478079e-05
"PGEN_.00g284710"	2.57752026371384e-05
"PGEN_.00g034500"	2.64287482044427e-05
"PGEN_.00g042060"	2.66958897093352e-05
"PGEN_.00g067300"	2.78707451271715e-05
"PGEN_.00g289090"	2.79663988445674e-05
"PGEN_.00g282450"	2.80090584924018e-05
"PGEN_.00g032670"	3.07532140087939e-05
"PGEN_.00g198310"	3.17435699628154e-05
"PGEN_.00g220560"	3.26616983777862e-05
"PGEN_.00g063940"	3.3691894521596e-05
"PGEN_.00g080550"	3.76808153681226e-05
"PGEN_.00g340240"	3.80123572250385e-05
"PGEN_.00g130130"	3.92897946986058e-05
"PGEN_.00g169790"	3.92897946986058e-05
"PGEN_.00g328690"	3.94519626560265e-05
"PGEN_.00g062060"	3.99971000753664e-05
"PGEN_.00g081910"	4.09385063890423e-05
"PGEN_.00g254640"	4.31670656415039e-05
"PGEN_.00g316050"	4.31670656415039e-05
"PGEN_.00g110260"	4.43673910783518e-05
"PGEN_.00g206810"	4.5224399725376e-05
"PGEN_.00g100950"	4.64671385314935e-05
"PGEN_.00g310520"	4.87027927931461e-05
"PGEN_.00g231140"	4.87553573612446e-05
"PGEN_.00g059600"	5.03732160507831e-05
"PGEN_.00g139610"	5.08446707276707e-05
"PGEN_.00g055660"	5.18556385116086e-05
"PGEN_.00g249400"	5.22151725440859e-05
"PGEN_.00g258480"	5.39680286227771e-05
"PGEN_.00g081000"	5.71559959478455e-05
"PGEN_.00g013500"	5.97981435116468e-05
"PGEN_.00g247180"	6.00601805843899e-05
"PGEN_.00g104420"	6.0764110795877e-05
"PGEN_.00g027240"	6.08041071711539e-05
"PGEN_.00g144390"	6.21228980960335e-05
"PGEN_.00g004050"	6.51558876138794e-05
"PGEN_.00g062900"	6.84619456718157e-05
"PGEN_.00g010450"	6.97565456378379e-05
"PGEN_.00g134810"	7.25214358208447e-05
"PGEN_.00g222990"	7.90297016512116e-05
"PGEN_.00g159640"	8.05135121506716e-05
"PGEN_.00g348620"	9.17661035872614e-05
"PGEN_.00g017070"	9.36503694880675e-05
"PGEN_.00g019750"	9.36503694880675e-05
"PGEN_.00g013580"	9.82913391569973e-05
"PGEN_.00g166050"	0.000100537174843055
"PGEN_.00g009010"	0.000102031793008364
"PGEN_.00g229290"	0.000108809164121385
"PGEN_.00g066340"	0.000112044076940847
"PGEN_.00g245920"	0.000112044076940847
"PGEN_.00g268760"	0.000115272590621004
"PGEN_.00g336970"	0.000122948502422777
"PGEN_.00g000720"	0.000130783415946329
"PGEN_.00g017150"	0.000130783415946329
"PGEN_.00g054290"	0.000131900767963761
"PGEN_.00g139530"	0.000143902165080685
"PGEN_.00g027530"	0.000144965414821679
"PGEN_.00g279730"	0.000145281204914492
"PGEN_.00g252700"	0.000145333668578858
"PGEN_.00g097800"	0.000149161809556956
"PGEN_.00g326670"	0.000149161809556956
"PGEN_.00g029590"	0.000167274914336513
"PGEN_.00g080210"	0.000172964989415348
"PGEN_.00g104460"	0.000174501464065209
"PGEN_.00g166720"	0.000177945829621705
"PGEN_.00g077420"	0.000185604389794746
"PGEN_.00g132650"	0.000206589551919181
"PGEN_.00g167700"	0.000206909520641
"PGEN_.00g209710"	0.000207705527780582
"PGEN_.00g280060"	0.000210776166104654
"PGEN_.00g252030"	0.000222647851809151
"PGEN_.00g173170"	0.00022804195980662
"PGEN_.00g051430"	0.000230903736940274
"PGEN_.00g038260"	0.00023156672689565
"PGEN_.00g062630"	0.000239588044053736
"PGEN_.00g206430"	0.000239588044053736
"PGEN_.00g236120"	0.000246222672707558
"PGEN_.00g330320"	0.000248861681159278
"PGEN_.00g263790"	0.000255186933408191
"PGEN_.00g264480"	0.000255450287349528
"PGEN_.00g101840"	0.000265388102327244
"PGEN_.00g060450"	0.000265930399804266
"PGEN_.00g007340"	0.00026872587429312
"PGEN_.00g043360"	0.00026872587429312
"PGEN_.00g271330"	0.000291858891543839
"PGEN_.00g017050"	0.000296679677642752
"PGEN_.00g309130"	0.000328160759105904
"PGEN_.00g317290"	0.000331674948933368
"PGEN_.00g211020"	0.000346586401681985
"PGEN_.00g305680"	0.000352867222794435
"PGEN_.00g207530"	0.000354762236954178
"PGEN_.00g102760"	0.000364959880409328
"PGEN_.00g057650"	0.000376623787655412
"PGEN_.00g135810"	0.0003876042462819
"PGEN_.00g311750"	0.000387841796590917
"PGEN_.00g304250"	0.000410943263392854
"PGEN_.00g049510"	0.00046221698864548
"PGEN_.00g065280"	0.000475141864397962
"PGEN_.00g304260"	0.000483503692765805
"PGEN_.00g133110"	0.000525531487893282
"PGEN_.00g101030"	0.000533268163163478
"PGEN_.00g009320"	0.000564162461790869
"PGEN_.00g263030"	0.000583032660031357
"PGEN_.00g090500"	0.000586870240708849
"PGEN_.00g150440"	0.000589845010677184
"PGEN_.00g303240"	0.000589845010677184
"PGEN_.00g159920"	0.000608858996323151
"PGEN_.00g283380"	0.000608858996323151
"PGEN_.00g347890"	0.000628941993951094
"PGEN_.00g069910"	0.000633985491965114
"PGEN_.00g279430"	0.000669424287850019
"PGEN_.00g115760"	0.000682405526501703
"PGEN_.00g148840"	0.000682405526501703
"PGEN_.00g234920"	0.000753448044953572
"PGEN_.00g049060"	0.000756970194472185
"PGEN_.00g274530"	0.000782221588868464
"PGEN_.00g233770"	0.000794258264075605
"PGEN_.00g063490"	0.000867028768281824
"PGEN_.00g129350"	0.000867028768281824
"PGEN_.00g285950"	0.000867028768281824
"PGEN_.00g312700"	0.000883640372023795
"PGEN_.00g246110"	0.000888907610082532
"PGEN_.00g031700"	0.000924590213329938
"PGEN_.00g259110"	0.000941306659954018
"PGEN_.00g153440"	0.000949118595781945
"PGEN_.00g042260"	0.000972950858550959
"PGEN_.00g125310"	0.000975247824036643
"PGEN_.00g011580"	0.000982591514099736
"PGEN_.00g078310"	0.000982591514099736
"PGEN_.00g047880"	0.000996571848632056
"PGEN_.00g111560"	0.00100911869259864
"PGEN_.00g116020"	0.00101489186883468
"PGEN_.00g261320"	0.00106755951879653
"PGEN_.00g126370"	0.00111001969106383
"PGEN_.00g206990"	0.00112584484465553
"PGEN_.00g220620"	0.00116800094811524
"PGEN_.00g269560"	0.0011768563580423
"PGEN_.00g017330"	0.0011881184001967
"PGEN_.00g250420"	0.00122205081151059
"PGEN_.00g097340"	0.00124364682324092
"PGEN_.00g249620"	0.00125254955598059
"PGEN_.00g107050"	0.00126680362078189
"PGEN_.00g308500"	0.00127429728856342
"PGEN_.00g082990"	0.00129241035057683
"PGEN_.00g046010"	0.00139560357030505
"PGEN_.00g194760"	0.00139908375222481
"PGEN_.00g270150"	0.00139908375222481
"PGEN_.00g125870"	0.00140415421740056
"PGEN_.00g098500"	0.00140512012221785
"PGEN_.00g148340"	0.00140512012221785
"PGEN_.00g232390"	0.00143445514493618
"PGEN_.00g075800"	0.00149799258927127
"PGEN_.00g116670"	0.00157853412119984
"PGEN_.00g272790"	0.00158446361953141
"PGEN_.00g124830"	0.0016007868073842
"PGEN_.00g341620"	0.0016007868073842
"PGEN_.00g299840"	0.00163729523331008
"PGEN_.00g348700"	0.00175823159181687
"PGEN_.00g076930"	0.00176969115725134
"PGEN_.00g164370"	0.00185757338079426
"PGEN_.00g005660"	0.00193871303220277
"PGEN_.00g003320"	0.00194149228721815
"PGEN_.00g220460"	0.00194149228721815
"PGEN_.00g304970"	0.00195596599261518
"PGEN_.00g128260"	0.00200062662672737
"PGEN_.00g006890"	0.00201211594818723
"PGEN_.00g139870"	0.00204533562459156
"PGEN_.00g278670"	0.00207826638540684
"PGEN_.00g073180"	0.00208609870535101
"PGEN_.00g114090"	0.00208609870535101
"PGEN_.00g126970"	0.00208713887495153
"PGEN_.00g254180"	0.00208713887495153
"PGEN_.00g276560"	0.00212955635269289
"PGEN_.00g036790"	0.0021848000725822
"PGEN_.00g137880"	0.00220759005781086
"PGEN_.00g239980"	0.00220794536932875
"PGEN_.00g140110"	0.00228618927290614
"PGEN_.00g169510"	0.0023402741045699
"PGEN_.00g119520"	0.00241792184822169
"PGEN_.00g238170"	0.00244205279295723
"PGEN_.00g345150"	0.00246767470199075
"PGEN_.00g329510"	0.00249648599402306
"PGEN_.00g309470"	0.00267647394697991
"PGEN_.00g041570"	0.00284544915484422
"PGEN_.00g077300"	0.00287286642836909
"PGEN_.00g062840"	0.0029124558945319
"PGEN_.00g035760"	0.00293513438187521
"PGEN_.00g036720"	0.0030075942892352
"PGEN_.00g130990"	0.00307222812518697
"PGEN_.00g056230"	0.00309371942760855
"PGEN_.00g067860"	0.00311028341103771
"PGEN_.00g155730"	0.00331257449097676
"PGEN_.00g203450"	0.00334121222672968
"PGEN_.00g204480"	0.00334121222672968
"PGEN_.00g292360"	0.00337059402985498
"PGEN_.00g093680"	0.00345255415974166
"PGEN_.00g278620"	0.00345255415974166
"PGEN_.00g286240"	0.00350471349365434
"PGEN_.00g199570"	0.00355968184063304
"PGEN_.00g205480"	0.00355968184063304
"PGEN_.00g003720"	0.00359607070073966
"PGEN_.00g177130"	0.00379365680205011
"PGEN_.00g206250"	0.00396925299967989
"PGEN_.00g147630"	0.00398170421744516
"PGEN_.00g279490"	0.00400231353163242
"PGEN_.00g205410"	0.00410539442200225
"PGEN_.00g127990"	0.00414976173113233
"PGEN_.00g348730"	0.00415807868321539
"PGEN_.00g336030"	0.00425581337082155
"PGEN_.00g301440"	0.00430436072419834
"PGEN_.00g312440"	0.00430533361321242
"PGEN_.00g150310"	0.00430536868696455
"PGEN_.00g104990"	0.00431265641785393
"PGEN_.00g256280"	0.00438032260364062
"PGEN_.00g072260"	0.00439561497746984
"PGEN_.00g242340"	0.00439561497746984
"PGEN_.00g202890"	0.00465086331280268
"PGEN_.00g198870"	0.00468460562416848
"PGEN_.00g066760"	0.00472567510855671
"PGEN_.00g304270"	0.00483660052888282
"PGEN_.00g020340"	0.00485421490142356
"PGEN_.00g255220"	0.00490311601387371
"PGEN_.00g164190"	0.00492348729281725
"PGEN_.00g208340"	0.00497266733933713
"PGEN_.00g336990"	0.00500041961166383
"PGEN_.00g174670"	0.00510873132989795
"PGEN_.00g009310"	0.00514237843453836
"PGEN_.00g237810"	0.00515770094528927
"PGEN_.00g179430"	0.00515825184593843
"PGEN_.00g291200"	0.00520457113852069
"PGEN_.00g006120"	0.00536165984914145
"PGEN_.00g133680"	0.00536165984914145
"PGEN_.00g072980"	0.00538235140298219
"PGEN_.00g324760"	0.00538235140298219
"PGEN_.00g186060"	0.00539235558827324
"PGEN_.00g234300"	0.00545056828900257
"PGEN_.00g000280"	0.00567281456865247
"PGEN_.00g110560"	0.005675221013152
"PGEN_.00g131190"	0.00589822031862465
"PGEN_.00g067840"	0.00596111627671453
"PGEN_.00g030310"	0.00608381948830875
"PGEN_.00g291360"	0.00621462671065331
"PGEN_.00g317170"	0.00630208776051101
"PGEN_.00g219760"	0.00644160901178098
"PGEN_.00g147620"	0.00656818241916485
"PGEN_.00g101110"	0.00661286041007193
"PGEN_.00g151020"	0.00673500195104467
"PGEN_.00g171020"	0.00674855475619299
"PGEN_.00g335180"	0.00674855475619299
"PGEN_.00g118040"	0.00679862824351943
"PGEN_.00g242120"	0.00680500010802313
"PGEN_.00g299180"	0.00680500010802313
"PGEN_.00g282270"	0.00683454319596942
"PGEN_.00g349360"	0.00683454319596942
"PGEN_.00g097530"	0.00692683466774468
"PGEN_.00g275360"	0.00692683466774468
"PGEN_.00g135570"	0.00694245205858456
"PGEN_.00g171360"	0.00696648749021404
"PGEN_.00g309570"	0.00699232361507253
"PGEN_.00g059710"	0.00731080888689233
"PGEN_.00g207660"	0.00742172905858278
"PGEN_.00g116850"	0.00744294917143826
"PGEN_.00g047580"	0.00745121625071219
"PGEN_.00g259230"	0.00747180991049848
"PGEN_.00g242100"	0.00748008981200177
"PGEN_.00g040360"	0.00750972079406615
"PGEN_.00g080980"	0.00750972079406615
"PGEN_.00g101020"	0.00757655908928367
"PGEN_.00g259150"	0.00762371746189516
"PGEN_.00g234520"	0.00774229001970731
"PGEN_.00g237150"	0.00788653670006639
"PGEN_.00g213880"	0.00810317362203443
"PGEN_.00g035820"	0.0082305446043373
"PGEN_.00g208160"	0.00825377408486515
"PGEN_.00g031120"	0.00845787622429951
"PGEN_.00g221860"	0.00850237009688432
"PGEN_.00g132060"	0.00854253536418903
"PGEN_.00g083830"	0.00855441974704793
"PGEN_.00g234980"	0.00855441974704793
"PGEN_.00g234820"	0.00865753421258355
"PGEN_.00g015800"	0.00866241581055026
"PGEN_.00g075910"	0.00866241581055026
"PGEN_.00g046310"	0.0087680198882451
"PGEN_.00g065950"	0.00898781535602424
"PGEN_.00g259540"	0.00901525895253652
"PGEN_.00g339890"	0.00901525895253652
"PGEN_.00g119570"	0.00916941597534407
"PGEN_.00g299810"	0.0092554519281381
"PGEN_.00g185010"	0.00937766847488636
"PGEN_.00g004660"	0.00947530194983041
"PGEN_.00g004510"	0.00948400245137657
"PGEN_.00g113740"	0.00959895115245273
"PGEN_.00g051440"	0.00967821651399364
"PGEN_.00g066200"	0.00967821651399364
"PGEN_.00g134790"	0.00967821651399364
"PGEN_.00g170240"	0.00967821651399364
"PGEN_.00g030300"	0.0102395501801494
"PGEN_.00g087520"	0.0102395501801494
"PGEN_.00g058070"	0.0103518812538946
"PGEN_.00g321190"	0.0103528057064024
"PGEN_.00g273070"	0.010611669040553
"PGEN_.00g233470"	0.0108087159442748
"PGEN_.00g333540"	0.0109151391974097
"PGEN_.00g267200"	0.0110622560429202
"PGEN_.00g253780"	0.0112980860044613
"PGEN_.00g164900"	0.0112993638087574
"PGEN_.00g196380"	0.0113539282072798
"PGEN_.00g173630"	0.0115186906418915
"PGEN_.00g142500"	0.0115612454483742
"PGEN_.00g105220"	0.0116013961067741
"PGEN_.00g271920"	0.0116379941470698
"PGEN_.00g203210"	0.0116698050833527
"PGEN_.00g022180"	0.011738357073951
"PGEN_.00g179130"	0.011738357073951
"PGEN_.00g140750"	0.011744764998919
"PGEN_.00g020710"	0.0117678474191726
"PGEN_.00g337050"	0.0117861129076551
"PGEN_.00g171350"	0.0120620312575807
"PGEN_.00g207540"	0.012074973073542
"PGEN_.00g196390"	0.0121439669468005
"PGEN_.00g349440"	0.0121439669468005
"PGEN_.00g119300"	0.0122049793661006
"PGEN_.00g269250"	0.0123408049362014
"PGEN_.00g070630"	0.0123466477358793
"PGEN_.00g274790"	0.0123466477358793
"PGEN_.00g111670"	0.0126095904962081
"PGEN_.00g175660"	0.0126095904962081
"PGEN_.00g144300"	0.0129497764482774
"PGEN_.00g199470"	0.0131085498853196
"PGEN_.00g050270"	0.0131993181259566
"PGEN_.00g245320"	0.0131993181259566
"PGEN_.00g096230"	0.0132102743232045
"PGEN_.00g340570"	0.0132102743232045
"PGEN_.00g213500"	0.0132248327595873
"PGEN_.00g053670"	0.0132445251071559
"PGEN_.00g264390"	0.0134276649321727
"PGEN_.00g329240"	0.0134989624783679
"PGEN_.00g229990"	0.0138752953594051
"PGEN_.00g005280"	0.0139769081812467
"PGEN_.00g229850"	0.0140176771962996
"PGEN_.00g087310"	0.0141355932536502
"PGEN_.00g281640"	0.0142443221794112
"PGEN_.00g280420"	0.0143882069404294
"PGEN_.00g055230"	0.0144984794282287
"PGEN_.00g019050"	0.0145479681407003
"PGEN_.00g226840"	0.0145479681407003
"PGEN_.00g272660"	0.0146464387643853
"PGEN_.00g031500"	0.0147321366074148
"PGEN_.00g004860"	0.0148347488909332
"PGEN_.00g150810"	0.0150357279229753
"PGEN_.00g208050"	0.0150357279229753
"PGEN_.00g279760"	0.0150481480105411
"PGEN_.00g298850"	0.0151705791788689
"PGEN_.00g281980"	0.0152207043983893
"PGEN_.00g090860"	0.015407649900957
"PGEN_.00g099340"	0.0156186765160203
"PGEN_.00g336040"	0.0156186765160203
"PGEN_.00g223280"	0.0156773561610978
"PGEN_.00g091750"	0.015731080021347
"PGEN_.00g072570"	0.0157659660818071
"PGEN_.00g077330"	0.0157659660818071
"PGEN_.00g208650"	0.0157659660818071
"PGEN_.00g101990"	0.0158815169671378
"PGEN_.00g150150"	0.0159905334149405
"PGEN_.00g024960"	0.0159922278912296
"PGEN_.00g238380"	0.0159922278912296
"PGEN_.00g306890"	0.0161087084801812
"PGEN_.00g004560"	0.0161141291275789
"PGEN_.00g278540"	0.0161141291275789
"PGEN_.00g147680"	0.0166617733711855
"PGEN_.00g051410"	0.0167015096756542
"PGEN_.00g104930"	0.0167015096756542
"PGEN_.00g292950"	0.0167187596975769
"PGEN_.00g260830"	0.0170763742401776
"PGEN_.00g325600"	0.0170819972428965
"PGEN_.00g203340"	0.0170947804693506
"PGEN_.00g207680"	0.0173558004247162
"PGEN_.00g325450"	0.017418229753337
"PGEN_.00g039890"	0.0174941649879671
"PGEN_.00g004840"	0.0180417523405123
"PGEN_.00g075760"	0.0183517606456282
"PGEN_.00g101900"	0.0185380077190569
"PGEN_.00g164740"	0.0185970418706249
"PGEN_.00g083760"	0.0186890190854426
"PGEN_.00g076410"	0.0187204649560373
"PGEN_.00g057380"	0.0187419299811335
"PGEN_.00g026840"	0.0188833875127139
"PGEN_.00g231090"	0.0188833875127139
"PGEN_.00g167410"	0.0189011349598818
"PGEN_.00g029230"	0.0192041987093707
"PGEN_.00g131270"	0.019648332519261
"PGEN_.00g284620"	0.019648332519261
"PGEN_.00g293370"	0.019655889065923
"PGEN_.00g072250"	0.0200406669957295
"PGEN_.00g206240"	0.0200406669957295
"PGEN_.00g134770"	0.0200473149861953
"PGEN_.00g232500"	0.0201604352340003
"PGEN_.00g035120"	0.0203622038568379
"PGEN_.00g270670"	0.0203622038568379
"PGEN_.00g155550"	0.0203700145033832
"PGEN_.00g125020"	0.02042078091366
"PGEN_.00g230620"	0.02042078091366
"PGEN_.00g263050"	0.02042078091366
"PGEN_.00g142400"	0.0205763832615048
"PGEN_.00g263990"	0.0207654900671072
"PGEN_.00g064090"	0.0210765722050721
"PGEN_.00g003430"	0.0214094479527275
"PGEN_.00g060400"	0.0214094479527275
"PGEN_.00g153140"	0.0214094479527275
"PGEN_.00g218470"	0.0214094479527275
"PGEN_.00g094830"	0.0214530181972123
"PGEN_.00g266490"	0.0215682101888713
"PGEN_.00g037350"	0.0216559662646586
"PGEN_.00g126300"	0.0216897806431958
"PGEN_.00g174590"	0.0220203635147725
"PGEN_.00g283510"	0.0220203635147725
"PGEN_.00g270640"	0.0220809249535981
"PGEN_.00g130160"	0.0222295668663508
"PGEN_.00g252880"	0.0222295668663508
"PGEN_.00g031880"	0.0226524696533185
"PGEN_.00g125920"	0.0226524696533185
"PGEN_.00g233430"	0.0227660268971417
"PGEN_.00g234060"	0.022873382101134
"PGEN_.00g221160"	0.023004781801489
"PGEN_.00g133000"	0.0231178895099489
"PGEN_.00g269010"	0.0234220924480779
"PGEN_.00g150950"	0.023661270992646
"PGEN_.00g167390"	0.023661270992646
"PGEN_.00g263370"	0.023661270992646
"PGEN_.00g270020"	0.023661270992646
"PGEN_.00g102230"	0.0237400607993744
"PGEN_.00g266080"	0.0238498241435688
"PGEN_.00g033560"	0.0241944468378098
"PGEN_.00g131030"	0.0241944468378098
"PGEN_.00g312170"	0.0245827252116394
"PGEN_.00g281480"	0.0250141346864232
"PGEN_.00g312300"	0.0251401119320496
"PGEN_.00g181050"	0.0251799325710743
"PGEN_.00g287180"	0.0252520014348764
"PGEN_.00g310710"	0.0254183152559502
"PGEN_.00g027800"	0.0256664513122773
"PGEN_.00g330550"	0.0256664513122773
"PGEN_.00g079180"	0.0256715124600845
"PGEN_.00g163110"	0.0257851466720508
"PGEN_.00g194090"	0.0257851466720508
"PGEN_.00g010440"	0.0258825350992354
"PGEN_.00g101290"	0.0259087752324865
"PGEN_.00g277160"	0.0259087752324865
"PGEN_.00g311190"	0.0259087752324865
"PGEN_.00g173900"	0.0266554609311605
"PGEN_.00g296310"	0.026745652362241
"PGEN_.00g072770"	0.0272658094139151
"PGEN_.00g213360"	0.0274593199406645
"PGEN_.00g085220"	0.02778033687098
"PGEN_.00g150990"	0.0279918076071433
"PGEN_.00g282660"	0.0279942011924595
"PGEN_.00g035200"	0.028528656335562
"PGEN_.00g223270"	0.0287643962200911
"PGEN_.00g009140"	0.0290802766797797
"PGEN_.00g010490"	0.0291474879018234
"PGEN_.00g252770"	0.0291798697743716
"PGEN_.00g143030"	0.0292420009413334
"PGEN_.00g024190"	0.029343486989935
"PGEN_.00g076500"	0.0295186578593357
"PGEN_.00g112520"	0.0295186578593357
"PGEN_.00g291980"	0.0295186578593357
"PGEN_.00g289060"	0.0295688807010268
"PGEN_.00g029240"	0.0301793441062283
"PGEN_.00g151360"	0.0301793441062283
"PGEN_.00g171340"	0.0301793441062283
"PGEN_.00g221720"	0.0301793441062283
"PGEN_.00g215540"	0.0302990418190354
"PGEN_.00g278840"	0.0311450966991457
"PGEN_.00g053170"	0.0311471176654705
"PGEN_.00g264510"	0.0312091287925959
"PGEN_.00g034010"	0.0313729407734235
"PGEN_.00g051580"	0.0313729407734235
"PGEN_.00g097480"	0.0313934310801212
"PGEN_.00g254010"	0.0313934310801212
"PGEN_.00g059160"	0.0319725280045126
"PGEN_.00g017860"	0.0320715779321826
"PGEN_.00g180330"	0.0320715779321826
"PGEN_.00g161820"	0.032593841536418
"PGEN_.00g069530"	0.0329282000487778
"PGEN_.00g036740"	0.0330157980831928
"PGEN_.00g302590"	0.0335323003036348
"PGEN_.00g160060"	0.0335712001442718
"PGEN_.00g276890"	0.0335712001442718
"PGEN_.00g343770"	0.0339173855312945
"PGEN_.00g014630"	0.034160026851891
"PGEN_.00g126360"	0.0341652371739953
"PGEN_.00g023080"	0.0342383886829952
"PGEN_.00g161120"	0.0342383886829952
"PGEN_.00g308930"	0.0342383886829952
"PGEN_.00g014940"	0.0343538330411136
"PGEN_.00g337030"	0.0343538330411136
"PGEN_.00g203950"	0.0345094177234119
"PGEN_.00g287730"	0.0346009479403425
"PGEN_.00g029160"	0.035127511911091
"PGEN_.00g136060"	0.0353978143551991
"PGEN_.00g082390"	0.0355587663372623
"PGEN_.00g114020"	0.0357337525948555
"PGEN_.00g131620"	0.0359806015563519
"PGEN_.00g216680"	0.0362872448663542
"PGEN_.00g232090"	0.036459326643967
"PGEN_.00g281850"	0.036459326643967
"PGEN_.00g333730"	0.036459326643967
"PGEN_.00g190430"	0.0364649592744605
"PGEN_.00g247270"	0.0364941319306338
"PGEN_.00g095900"	0.0369944383207024
"PGEN_.00g250460"	0.0369944383207024
"PGEN_.00g031690"	0.0373762414506607
"PGEN_.00g105500"	0.0377933301771963
"PGEN_.00g150850"	0.0379833966521592
"PGEN_.00g232510"	0.0380446624501858
"PGEN_.00g137740"	0.0381511639601278
"PGEN_.00g188100"	0.0381511639601278
"PGEN_.00g025520"	0.0382379150397033
"PGEN_.00g227520"	0.0382379150397033
"PGEN_.00g207910"	0.0385652983141622
"PGEN_.00g125830"	0.0386549120997524
"PGEN_.00g144050"	0.0386549120997524
"PGEN_.00g088090"	0.038677833988944
"PGEN_.00g305950"	0.0387237915381078
"PGEN_.00g266480"	0.038881504032208
"PGEN_.00g178040"	0.0389909141854228
"PGEN_.00g017310"	0.0393726374063086
"PGEN_.00g080690"	0.0394827638846918
"PGEN_.00g120460"	0.0399690841702263
"PGEN_.00g131150"	0.0400264857746076
"PGEN_.00g233580"	0.0404096067229422
"PGEN_.00g163830"	0.0406575235792348
"PGEN_.00g045200"	0.0408154392152889
"PGEN_.00g266070"	0.0410245065868776
"PGEN_.00g271180"	0.0410245065868776
"PGEN_.00g290400"	0.0413023675513884
"PGEN_.00g119200"	0.0413280284106117
"PGEN_.00g018380"	0.04136305445089
"PGEN_.00g164000"	0.0425900822843154
"PGEN_.00g031870"	0.0426637180932587
"PGEN_.00g124270"	0.0426637180932587
"PGEN_.00g235790"	0.0429266298614001
"PGEN_.00g001430"	0.0432735311856574
"PGEN_.00g203530"	0.0432735311856574
"PGEN_.00g028280"	0.0432844767781971
"PGEN_.00g252460"	0.0433106131390423
"PGEN_.00g034040"	0.0434812121734321
"PGEN_.00g021750"	0.0437177463114872
"PGEN_.00g051490"	0.043873094455333
"PGEN_.00g214170"	0.0439511641395151
"PGEN_.00g204030"	0.0441653844112973
"PGEN_.00g232320"	0.0442892690071681
"PGEN_.00g070460"	0.0444114858617345
"PGEN_.00g241500"	0.0447339326116856
"PGEN_.00g166390"	0.0449923819852984
"PGEN_.00g186340"	0.0458153347026951
"PGEN_.00g123130"	0.0461458457651201
"PGEN_.00g092010"	0.0464856975599274
"PGEN_.00g221570"	0.0475784583917708
"PGEN_.00g216850"	0.0477003057432534
"PGEN_.00g022920"	0.0477377655623547
"PGEN_.00g010620"	0.0477752922441708
"PGEN_.00g026010"	0.0477752922441708
"PGEN_.00g070550"	0.0477752922441708
"PGEN_.00g157640"	0.0477752922441708
"PGEN_.00g237880"	0.0477752922441708
"PGEN_.00g338720"	0.0477793160025518
"PGEN_.00g198250"	0.0482270599151005
"PGEN_.00g211360"	0.0483003000512714
"PGEN_.00g253500"	0.0485601433235152
"PGEN_.00g070780"	0.0493653337382528
"PGEN_.00g195420"	0.0496658420581232
"PGEN_.00g087190"	0.0498717034005176
"PGEN_.00g296280"	0.0499602953661571
